Algorithm,AvgResponseTime,Makespan,Throughput,ImbalanceIndex,SLAViolations,EnergyKWh,CostUSD,CO2Grams
Static,15.7027,40.2100,0.3730,16.0000,12,0.001653,0.015083,0.7851
RoundRobin,18.4245,64.0420,0.2342,8.5333,11,0.002358,0.015118,1.1201
WeightedRR,20.4247,54.5430,0.2750,6.0015,12,0.002058,0.015103,0.9775
Adaptive,18.9136,51.7100,0.2901,4.7627,11,0.002265,0.015113,1.0759
MinMin,14.3135,41.8767,0.3582,6.9025,9,0.001799,0.015090,0.8547
PSO,16.2136,51.8767,0.2891,1.7588,9,0.002034,0.015102,0.9663
Paper-Based PSO,12.0135,32.3765,0.4633,9.1214,11,0.001575,0.015079,0.8175
AdaptiveGreenPSO,11.4247,30.8765,0.4858,8.7980,10,0.001542,0.015077,0.8077
FaultTolerant,19.0912,66.0420,0.2271,9.1876,11,0.002470,0.015123,1.1731
